{"cameraMode":{"drawMode":0,"name":"Shaded","section":"Shading Mode"},"sceneLighting":true,"audioPlay":false,"sceneViewState":{"m_AlwaysRefresh":false,"showFog":true,"showSkybox":true,"showFlares":true,"showImageEffects":true,"showParticleSystems":true,"showVisualEffectGraphs":true,"m_FxEnabled":true},"in2DMode":false,"pivot":{"x":273.6329040527344,"y":205.4469757080078,"z":64.24859619140625},"rotation":{"x":0.0004609859606716782,"y":0.9995384216308594,"z":-0.024603337049484254,"w":0.018895132467150689},"size":200.19424438476563,"orthographic":false}